date,channel,spend_amount
2017-01-01,goolge_ads,5174
2017-01-01,facebook_ads,2360
2017-01-01,email,370
2017-01-01,organic,0
2017-01-02,goolge_ads,3130
2017-01-02,facebook_ads,2595
2017-01-02,email,120
2017-01-02,organic,0
2017-01-03,goolge_ads,3638
2017-01-03,facebook_ads,3669
2017-01-03,email,566
2017-01-03,organic,0
2017-01-04,goolge_ads,3238
2017-01-04,facebook_ads,1830
2017-01-04,email,558
2017-01-04,organic,0
2017-01-05,goolge_ads,4135
2017-01-05,facebook_ads,1630
2017-01-05,email,408
2017-01-05,organic,0
2017-01-06,goolge_ads,2769
2017-01-06,facebook_ads,3891
2017-01-06,email,591
2017-01-06,organic,0
2017-01-07,goolge_ads,5485
2017-01-07,facebook_ads,3933
2017-01-07,email,291
2017-01-07,organic,0
2017-01-08,goolge_ads,2955
2017-01-08,facebook_ads,3824
2017-01-08,email,260
2017-01-08,organic,0
2017-01-09,goolge_ads,2459
2017-01-09,facebook_ads,1521
2017-01-09,email,352
2017-01-09,organic,0
2017-01-10,goolge_ads,2747
2017-01-10,facebook_ads,1974
2017-01-10,email,158
2017-01-10,organic,0
2017-01-11,goolge_ads,4558
2017-01-11,facebook_ads,3547
2017-01-11,email,575
2017-01-11,organic,0
2017-01-12,goolge_ads,4747
2017-01-12,facebook_ads,2475
2017-01-12,email,289
2017-01-12,organic,0
2017-01-13,goolge_ads,5005
2017-01-13,facebook_ads,2062
2017-01-13,email,666
2017-01-13,organic,0
2017-01-14,goolge_ads,3267
2017-01-14,facebook_ads,3028
2017-01-14,email,230
2017-01-14,organic,0
2017-01-15,goolge_ads,5556
2017-01-15,facebook_ads,2146
2017-01-15,email,120
2017-01-15,organic,0
2017-01-16,goolge_ads,4888
2017-01-16,facebook_ads,3714
2017-01-16,email,373
2017-01-16,organic,0
2017-01-17,goolge_ads,4435
2017-01-17,facebook_ads,2100
2017-01-17,email,415
2017-01-17,organic,0
2017-01-18,goolge_ads,4061
2017-01-18,facebook_ads,1741
2017-01-18,email,445
2017-01-18,organic,0
2017-01-19,goolge_ads,4612
2017-01-19,facebook_ads,2863
2017-01-19,email,191
2017-01-19,organic,0
2017-01-20,goolge_ads,3390
2017-01-20,facebook_ads,2978
2017-01-20,email,527
2017-01-20,organic,0
2017-01-21,goolge_ads,4556
2017-01-21,facebook_ads,2275
2017-01-21,email,134
2017-01-21,organic,0
2017-01-22,goolge_ads,4253
2017-01-22,facebook_ads,3455
2017-01-22,email,661
2017-01-22,organic,0
2017-01-23,goolge_ads,5943
2017-01-23,facebook_ads,2521
2017-01-23,email,489
2017-01-23,organic,0
2017-01-24,goolge_ads,4613
2017-01-24,facebook_ads,2629
2017-01-24,email,576
2017-01-24,organic,0
2017-01-25,goolge_ads,2702
2017-01-25,facebook_ads,3949
2017-01-25,email,655
2017-01-25,organic,0
2017-01-26,goolge_ads,2161
2017-01-26,facebook_ads,1701
2017-01-26,email,369
2017-01-26,organic,0
2017-01-27,goolge_ads,5934
2017-01-27,facebook_ads,2315
2017-01-27,email,370
2017-01-27,organic,0
2017-01-28,goolge_ads,2455
2017-01-28,facebook_ads,2775
2017-01-28,email,395
2017-01-28,organic,0
2017-01-29,goolge_ads,5796
2017-01-29,facebook_ads,1837
2017-01-29,email,152
2017-01-29,organic,0
2017-01-30,goolge_ads,2791
2017-01-30,facebook_ads,3764
2017-01-30,email,287
2017-01-30,organic,0
2017-01-31,goolge_ads,2379
2017-01-31,facebook_ads,1992
2017-01-31,email,140
2017-01-31,organic,0
2017-02-01,goolge_ads,3180
2017-02-01,facebook_ads,3562
2017-02-01,email,164
2017-02-01,organic,0
2017-02-02,goolge_ads,5928
2017-02-02,facebook_ads,2867
2017-02-02,email,228
2017-02-02,organic,0
2017-02-03,goolge_ads,4027
2017-02-03,facebook_ads,2995
2017-02-03,email,162
2017-02-03,organic,0
2017-02-04,goolge_ads,3162
2017-02-04,facebook_ads,3022
2017-02-04,email,692
2017-02-04,organic,0
2017-02-05,goolge_ads,2391
2017-02-05,facebook_ads,3198
2017-02-05,email,518
2017-02-05,organic,0
2017-02-06,goolge_ads,4336
2017-02-06,facebook_ads,1878
2017-02-06,email,589
2017-02-06,organic,0
2017-02-07,goolge_ads,4278
2017-02-07,facebook_ads,3588
2017-02-07,email,127
2017-02-07,organic,0
2017-02-08,goolge_ads,4182
2017-02-08,facebook_ads,1700
2017-02-08,email,132
2017-02-08,organic,0
2017-02-09,goolge_ads,5119
2017-02-09,facebook_ads,2002
2017-02-09,email,506
2017-02-09,organic,0
2017-02-10,goolge_ads,5645
2017-02-10,facebook_ads,3251
2017-02-10,email,198
2017-02-10,organic,0
2017-02-11,goolge_ads,4731
2017-02-11,facebook_ads,3395
2017-02-11,email,646
2017-02-11,organic,0
2017-02-12,goolge_ads,2960
2017-02-12,facebook_ads,2985
2017-02-12,email,104
2017-02-12,organic,0
2017-02-13,goolge_ads,5289
2017-02-13,facebook_ads,2002
2017-02-13,email,497
2017-02-13,organic,0
2017-02-14,goolge_ads,2870
2017-02-14,facebook_ads,1892
2017-02-14,email,306
2017-02-14,organic,0
2017-02-15,goolge_ads,3038
2017-02-15,facebook_ads,3381
2017-02-15,email,653
2017-02-15,organic,0
2017-02-16,goolge_ads,4939
2017-02-16,facebook_ads,2984
2017-02-16,email,674
2017-02-16,organic,0
2017-02-17,goolge_ads,2863
2017-02-17,facebook_ads,2063
2017-02-17,email,195
2017-02-17,organic,0
2017-02-18,goolge_ads,3923
2017-02-18,facebook_ads,3257
2017-02-18,email,584
2017-02-18,organic,0
2017-02-19,goolge_ads,5478
2017-02-19,facebook_ads,3778
2017-02-19,email,270
2017-02-19,organic,0
2017-02-20,goolge_ads,2540
2017-02-20,facebook_ads,2559
2017-02-20,email,624
2017-02-20,organic,0
2017-02-21,goolge_ads,3183
2017-02-21,facebook_ads,3222
2017-02-21,email,342
2017-02-21,organic,0
2017-02-22,goolge_ads,5157
2017-02-22,facebook_ads,3319
2017-02-22,email,677
2017-02-22,organic,0
2017-02-23,goolge_ads,4729
2017-02-23,facebook_ads,3097
2017-02-23,email,127
2017-02-23,organic,0
2017-02-24,goolge_ads,3643
2017-02-24,facebook_ads,2863
2017-02-24,email,430
2017-02-24,organic,0
2017-02-25,goolge_ads,3663
2017-02-25,facebook_ads,3029
2017-02-25,email,447
2017-02-25,organic,0
2017-02-26,goolge_ads,3496
2017-02-26,facebook_ads,3737
2017-02-26,email,324
2017-02-26,organic,0
2017-02-27,goolge_ads,3408
2017-02-27,facebook_ads,2900
2017-02-27,email,382
2017-02-27,organic,0
2017-02-28,goolge_ads,4680
2017-02-28,facebook_ads,2472
2017-02-28,email,358
2017-02-28,organic,0
2017-03-01,goolge_ads,5430
2017-03-01,facebook_ads,2209
2017-03-01,email,555
2017-03-01,organic,0
2017-03-02,goolge_ads,3434
2017-03-02,facebook_ads,2148
2017-03-02,email,417
2017-03-02,organic,0
2017-03-03,goolge_ads,5748
2017-03-03,facebook_ads,2757
2017-03-03,email,473
2017-03-03,organic,0
2017-03-04,goolge_ads,5743
2017-03-04,facebook_ads,3131
2017-03-04,email,571
2017-03-04,organic,0
2017-03-05,goolge_ads,5304
2017-03-05,facebook_ads,2636
2017-03-05,email,596
2017-03-05,organic,0
2017-03-06,goolge_ads,4489
2017-03-06,facebook_ads,2063
2017-03-06,email,367
2017-03-06,organic,0
2017-03-07,goolge_ads,5581
2017-03-07,facebook_ads,3136
2017-03-07,email,180
2017-03-07,organic,0
2017-03-08,goolge_ads,2698
2017-03-08,facebook_ads,3660
2017-03-08,email,101
2017-03-08,organic,0
2017-03-09,goolge_ads,2641
2017-03-09,facebook_ads,3767
2017-03-09,email,665
2017-03-09,organic,0
2017-03-10,goolge_ads,2854
2017-03-10,facebook_ads,3259
2017-03-10,email,324
2017-03-10,organic,0
2017-03-11,goolge_ads,4432
2017-03-11,facebook_ads,3161
2017-03-11,email,229
2017-03-11,organic,0
2017-03-12,goolge_ads,3076
2017-03-12,facebook_ads,3207
2017-03-12,email,515
2017-03-12,organic,0
2017-03-13,goolge_ads,4294
2017-03-13,facebook_ads,2335
2017-03-13,email,538
2017-03-13,organic,0
2017-03-14,goolge_ads,2202
2017-03-14,facebook_ads,1622
2017-03-14,email,500
2017-03-14,organic,0
2017-03-15,goolge_ads,2766
2017-03-15,facebook_ads,1793
2017-03-15,email,379
2017-03-15,organic,0
2017-03-16,goolge_ads,5908
2017-03-16,facebook_ads,1697
2017-03-16,email,610
2017-03-16,organic,0
2017-03-17,goolge_ads,4799
2017-03-17,facebook_ads,3691
2017-03-17,email,300
2017-03-17,organic,0
2017-03-18,goolge_ads,3147
2017-03-18,facebook_ads,1686
2017-03-18,email,425
2017-03-18,organic,0
2017-03-19,goolge_ads,4511
2017-03-19,facebook_ads,3294
2017-03-19,email,502
2017-03-19,organic,0
2017-03-20,goolge_ads,3369
2017-03-20,facebook_ads,3486
2017-03-20,email,610
2017-03-20,organic,0
2017-03-21,goolge_ads,2146
2017-03-21,facebook_ads,3234
2017-03-21,email,588
2017-03-21,organic,0
2017-03-22,goolge_ads,4976
2017-03-22,facebook_ads,3459
2017-03-22,email,650
2017-03-22,organic,0
2017-03-23,goolge_ads,4385
2017-03-23,facebook_ads,2140
2017-03-23,email,572
2017-03-23,organic,0
2017-03-24,goolge_ads,3969
2017-03-24,facebook_ads,3698
2017-03-24,email,514
2017-03-24,organic,0
2017-03-25,goolge_ads,5369
2017-03-25,facebook_ads,3134
2017-03-25,email,362
2017-03-25,organic,0
2017-03-26,goolge_ads,3787
2017-03-26,facebook_ads,3691
2017-03-26,email,445
2017-03-26,organic,0
2017-03-27,goolge_ads,2623
2017-03-27,facebook_ads,2516
2017-03-27,email,671
2017-03-27,organic,0
2017-03-28,goolge_ads,2880
2017-03-28,facebook_ads,3549
2017-03-28,email,403
2017-03-28,organic,0
2017-03-29,goolge_ads,4301
2017-03-29,facebook_ads,1952
2017-03-29,email,136
2017-03-29,organic,0
2017-03-30,goolge_ads,3183
2017-03-30,facebook_ads,3556
2017-03-30,email,332
2017-03-30,organic,0
2017-03-31,goolge_ads,5170
2017-03-31,facebook_ads,3182
2017-03-31,email,307
2017-03-31,organic,0
2017-04-01,goolge_ads,3154
2017-04-01,facebook_ads,1903
2017-04-01,email,251
2017-04-01,organic,0
2017-04-02,goolge_ads,4101
2017-04-02,facebook_ads,3196
2017-04-02,email,686
2017-04-02,organic,0
2017-04-03,goolge_ads,3648
2017-04-03,facebook_ads,2943
2017-04-03,email,521
2017-04-03,organic,0
2017-04-04,goolge_ads,2103
2017-04-04,facebook_ads,1753
2017-04-04,email,326
2017-04-04,organic,0
2017-04-05,goolge_ads,5183
2017-04-05,facebook_ads,2996
2017-04-05,email,198
2017-04-05,organic,0
2017-04-06,goolge_ads,4200
2017-04-06,facebook_ads,3384
2017-04-06,email,437
2017-04-06,organic,0
2017-04-07,goolge_ads,5777
2017-04-07,facebook_ads,2456
2017-04-07,email,260
2017-04-07,organic,0
2017-04-08,goolge_ads,3603
2017-04-08,facebook_ads,1897
2017-04-08,email,376
2017-04-08,organic,0
2017-04-09,goolge_ads,2815
2017-04-09,facebook_ads,3027
2017-04-09,email,491
2017-04-09,organic,0
2017-04-10,goolge_ads,3158
2017-04-10,facebook_ads,2718
2017-04-10,email,500
2017-04-10,organic,0
2017-04-11,goolge_ads,2639
2017-04-11,facebook_ads,1959
2017-04-11,email,569
2017-04-11,organic,0
2017-04-12,goolge_ads,5446
2017-04-12,facebook_ads,2545
2017-04-12,email,137
2017-04-12,organic,0
2017-04-13,goolge_ads,4277
2017-04-13,facebook_ads,2062
2017-04-13,email,537
2017-04-13,organic,0
2017-04-14,goolge_ads,3799
2017-04-14,facebook_ads,3574
2017-04-14,email,325
2017-04-14,organic,0
2017-04-15,goolge_ads,5348
2017-04-15,facebook_ads,2297
2017-04-15,email,383
2017-04-15,organic,0
2017-04-16,goolge_ads,4926
2017-04-16,facebook_ads,2459
2017-04-16,email,580
2017-04-16,organic,0
2017-04-17,goolge_ads,2452
2017-04-17,facebook_ads,2315
2017-04-17,email,615
2017-04-17,organic,0
2017-04-18,goolge_ads,2546
2017-04-18,facebook_ads,2715
2017-04-18,email,148
2017-04-18,organic,0
2017-04-19,goolge_ads,5583
2017-04-19,facebook_ads,1516
2017-04-19,email,271
2017-04-19,organic,0
2017-04-20,goolge_ads,3243
2017-04-20,facebook_ads,3705
2017-04-20,email,576
2017-04-20,organic,0
2017-04-21,goolge_ads,3069
2017-04-21,facebook_ads,3646
2017-04-21,email,136
2017-04-21,organic,0
2017-04-22,goolge_ads,4327
2017-04-22,facebook_ads,1801
2017-04-22,email,280
2017-04-22,organic,0
2017-04-23,goolge_ads,2606
2017-04-23,facebook_ads,2199
2017-04-23,email,215
2017-04-23,organic,0
2017-04-24,goolge_ads,2190
2017-04-24,facebook_ads,3800
2017-04-24,email,260
2017-04-24,organic,0
2017-04-25,goolge_ads,5327
2017-04-25,facebook_ads,1627
2017-04-25,email,117
2017-04-25,organic,0
2017-04-26,goolge_ads,3816
2017-04-26,facebook_ads,3258
2017-04-26,email,665
2017-04-26,organic,0
2017-04-27,goolge_ads,2569
2017-04-27,facebook_ads,2846
2017-04-27,email,387
2017-04-27,organic,0
2017-04-28,goolge_ads,4901
2017-04-28,facebook_ads,3186
2017-04-28,email,254
2017-04-28,organic,0
2017-04-29,goolge_ads,4537
2017-04-29,facebook_ads,2909
2017-04-29,email,203
2017-04-29,organic,0
2017-04-30,goolge_ads,5464
2017-04-30,facebook_ads,1745
2017-04-30,email,275
2017-04-30,organic,0
2017-05-01,goolge_ads,5110
2017-05-01,facebook_ads,3000
2017-05-01,email,637
2017-05-01,organic,0
2017-05-02,goolge_ads,3890
2017-05-02,facebook_ads,3341
2017-05-02,email,507
2017-05-02,organic,0
2017-05-03,goolge_ads,2524
2017-05-03,facebook_ads,3029
2017-05-03,email,135
2017-05-03,organic,0
2017-05-04,goolge_ads,2684
2017-05-04,facebook_ads,1519
2017-05-04,email,420
2017-05-04,organic,0
2017-05-05,goolge_ads,5847
2017-05-05,facebook_ads,1899
2017-05-05,email,570
2017-05-05,organic,0
2017-05-06,goolge_ads,3166
2017-05-06,facebook_ads,2615
2017-05-06,email,453
2017-05-06,organic,0
2017-05-07,goolge_ads,2833
2017-05-07,facebook_ads,3323
2017-05-07,email,150
2017-05-07,organic,0
2017-05-08,goolge_ads,5736
2017-05-08,facebook_ads,2074
2017-05-08,email,289
2017-05-08,organic,0
2017-05-09,goolge_ads,3148
2017-05-09,facebook_ads,3697
2017-05-09,email,413
2017-05-09,organic,0
2017-05-10,goolge_ads,4617
2017-05-10,facebook_ads,3852
2017-05-10,email,153
2017-05-10,organic,0
2017-05-11,goolge_ads,5050
2017-05-11,facebook_ads,3991
2017-05-11,email,363
2017-05-11,organic,0
2017-05-12,goolge_ads,5124
2017-05-12,facebook_ads,3095
2017-05-12,email,104
2017-05-12,organic,0
2017-05-13,goolge_ads,3126
2017-05-13,facebook_ads,2719
2017-05-13,email,449
2017-05-13,organic,0
2017-05-14,goolge_ads,2046
2017-05-14,facebook_ads,1768
2017-05-14,email,469
2017-05-14,organic,0
2017-05-15,goolge_ads,2635
2017-05-15,facebook_ads,2629
2017-05-15,email,219
2017-05-15,organic,0
2017-05-16,goolge_ads,2830
2017-05-16,facebook_ads,3310
2017-05-16,email,157
2017-05-16,organic,0
2017-05-17,goolge_ads,3974
2017-05-17,facebook_ads,2869
2017-05-17,email,573
2017-05-17,organic,0
2017-05-18,goolge_ads,2116
2017-05-18,facebook_ads,3353
2017-05-18,email,226
2017-05-18,organic,0
2017-05-19,goolge_ads,5464
2017-05-19,facebook_ads,3431
2017-05-19,email,157
2017-05-19,organic,0
2017-05-20,goolge_ads,2633
2017-05-20,facebook_ads,2012
2017-05-20,email,195
2017-05-20,organic,0
2017-05-21,goolge_ads,5709
2017-05-21,facebook_ads,2641
2017-05-21,email,659
2017-05-21,organic,0
2017-05-22,goolge_ads,5672
2017-05-22,facebook_ads,1987
2017-05-22,email,336
2017-05-22,organic,0
2017-05-23,goolge_ads,5956
2017-05-23,facebook_ads,2396
2017-05-23,email,371
2017-05-23,organic,0
2017-05-24,goolge_ads,3212
2017-05-24,facebook_ads,2203
2017-05-24,email,546
2017-05-24,organic,0
2017-05-25,goolge_ads,2580
2017-05-25,facebook_ads,3794
2017-05-25,email,175
2017-05-25,organic,0
2017-05-26,goolge_ads,2153
2017-05-26,facebook_ads,3179
2017-05-26,email,534
2017-05-26,organic,0
2017-05-27,goolge_ads,2996
2017-05-27,facebook_ads,2743
2017-05-27,email,168
2017-05-27,organic,0
2017-05-28,goolge_ads,5118
2017-05-28,facebook_ads,2508
2017-05-28,email,193
2017-05-28,organic,0
2017-05-29,goolge_ads,3773
2017-05-29,facebook_ads,2457
2017-05-29,email,552
2017-05-29,organic,0
2017-05-30,goolge_ads,3227
2017-05-30,facebook_ads,3765
2017-05-30,email,573
2017-05-30,organic,0
2017-05-31,goolge_ads,4479
2017-05-31,facebook_ads,3888
2017-05-31,email,650
2017-05-31,organic,0
2017-06-01,goolge_ads,3635
2017-06-01,facebook_ads,2812
2017-06-01,email,353
2017-06-01,organic,0
2017-06-02,goolge_ads,3757
2017-06-02,facebook_ads,1856
2017-06-02,email,122
2017-06-02,organic,0
2017-06-03,goolge_ads,3785
2017-06-03,facebook_ads,3281
2017-06-03,email,199
2017-06-03,organic,0
2017-06-04,goolge_ads,4849
2017-06-04,facebook_ads,3989
2017-06-04,email,424
2017-06-04,organic,0
2017-06-05,goolge_ads,2515
2017-06-05,facebook_ads,1835
2017-06-05,email,357
2017-06-05,organic,0
2017-06-06,goolge_ads,2496
2017-06-06,facebook_ads,2395
2017-06-06,email,259
2017-06-06,organic,0
2017-06-07,goolge_ads,5546
2017-06-07,facebook_ads,2351
2017-06-07,email,479
2017-06-07,organic,0
2017-06-08,goolge_ads,3568
2017-06-08,facebook_ads,2456
2017-06-08,email,526
2017-06-08,organic,0
2017-06-09,goolge_ads,3636
2017-06-09,facebook_ads,2791
2017-06-09,email,676
2017-06-09,organic,0
2017-06-10,goolge_ads,3440
2017-06-10,facebook_ads,2691
2017-06-10,email,142
2017-06-10,organic,0
2017-06-11,goolge_ads,5627
2017-06-11,facebook_ads,1784
2017-06-11,email,496
2017-06-11,organic,0
2017-06-12,goolge_ads,2011
2017-06-12,facebook_ads,3130
2017-06-12,email,401
2017-06-12,organic,0
2017-06-13,goolge_ads,5969
2017-06-13,facebook_ads,2253
2017-06-13,email,134
2017-06-13,organic,0
2017-06-14,goolge_ads,4774
2017-06-14,facebook_ads,1589
2017-06-14,email,517
2017-06-14,organic,0
2017-06-15,goolge_ads,2114
2017-06-15,facebook_ads,2116
2017-06-15,email,295
2017-06-15,organic,0
2017-06-16,goolge_ads,2825
2017-06-16,facebook_ads,3149
2017-06-16,email,592
2017-06-16,organic,0
2017-06-17,goolge_ads,5146
2017-06-17,facebook_ads,1912
2017-06-17,email,475
2017-06-17,organic,0
2017-06-18,goolge_ads,5491
2017-06-18,facebook_ads,2228
2017-06-18,email,376
2017-06-18,organic,0
2017-06-19,goolge_ads,5068
2017-06-19,facebook_ads,2175
2017-06-19,email,493
2017-06-19,organic,0
2017-06-20,goolge_ads,3892
2017-06-20,facebook_ads,3739
2017-06-20,email,198
2017-06-20,organic,0
2017-06-21,goolge_ads,3571
2017-06-21,facebook_ads,2477
2017-06-21,email,195
2017-06-21,organic,0
2017-06-22,goolge_ads,3687
2017-06-22,facebook_ads,1536
2017-06-22,email,468
2017-06-22,organic,0
2017-06-23,goolge_ads,5766
2017-06-23,facebook_ads,3048
2017-06-23,email,378
2017-06-23,organic,0
2017-06-24,goolge_ads,4264
2017-06-24,facebook_ads,2372
2017-06-24,email,372
2017-06-24,organic,0
2017-06-25,goolge_ads,5952
2017-06-25,facebook_ads,3609
2017-06-25,email,695
2017-06-25,organic,0
2017-06-26,goolge_ads,3903
2017-06-26,facebook_ads,2228
2017-06-26,email,441
2017-06-26,organic,0
2017-06-27,goolge_ads,2396
2017-06-27,facebook_ads,2198
2017-06-27,email,118
2017-06-27,organic,0
2017-06-28,goolge_ads,4224
2017-06-28,facebook_ads,3135
2017-06-28,email,495
2017-06-28,organic,0
2017-06-29,goolge_ads,4492
2017-06-29,facebook_ads,1575
2017-06-29,email,364
2017-06-29,organic,0
2017-06-30,goolge_ads,4502
2017-06-30,facebook_ads,3319
2017-06-30,email,483
2017-06-30,organic,0
2017-07-01,goolge_ads,5635
2017-07-01,facebook_ads,2350
2017-07-01,email,605
2017-07-01,organic,0
2017-07-02,goolge_ads,3390
2017-07-02,facebook_ads,1643
2017-07-02,email,168
2017-07-02,organic,0
2017-07-03,goolge_ads,5170
2017-07-03,facebook_ads,1895
2017-07-03,email,124
2017-07-03,organic,0
2017-07-04,goolge_ads,4995
2017-07-04,facebook_ads,2992
2017-07-04,email,583
2017-07-04,organic,0
2017-07-05,goolge_ads,5636
2017-07-05,facebook_ads,2667
2017-07-05,email,668
2017-07-05,organic,0
2017-07-06,goolge_ads,3062
2017-07-06,facebook_ads,3656
2017-07-06,email,141
2017-07-06,organic,0
2017-07-07,goolge_ads,3209
2017-07-07,facebook_ads,3945
2017-07-07,email,322
2017-07-07,organic,0
2017-07-08,goolge_ads,2633
2017-07-08,facebook_ads,2656
2017-07-08,email,262
2017-07-08,organic,0
2017-07-09,goolge_ads,3238
2017-07-09,facebook_ads,2232
2017-07-09,email,334
2017-07-09,organic,0
2017-07-10,goolge_ads,5914
2017-07-10,facebook_ads,2250
2017-07-10,email,687
2017-07-10,organic,0
2017-07-11,goolge_ads,5080
2017-07-11,facebook_ads,2453
2017-07-11,email,591
2017-07-11,organic,0
2017-07-12,goolge_ads,4960
2017-07-12,facebook_ads,3042
2017-07-12,email,273
2017-07-12,organic,0
2017-07-13,goolge_ads,3676
2017-07-13,facebook_ads,2691
2017-07-13,email,269
2017-07-13,organic,0
2017-07-14,goolge_ads,3416
2017-07-14,facebook_ads,2717
2017-07-14,email,616
2017-07-14,organic,0
2017-07-15,goolge_ads,4076
2017-07-15,facebook_ads,2945
2017-07-15,email,438
2017-07-15,organic,0
2017-07-16,goolge_ads,5719
2017-07-16,facebook_ads,3019
2017-07-16,email,464
2017-07-16,organic,0
2017-07-17,goolge_ads,3856
2017-07-17,facebook_ads,2865
2017-07-17,email,599
2017-07-17,organic,0
2017-07-18,goolge_ads,3680
2017-07-18,facebook_ads,2010
2017-07-18,email,426
2017-07-18,organic,0
2017-07-19,goolge_ads,2216
2017-07-19,facebook_ads,2824
2017-07-19,email,231
2017-07-19,organic,0
2017-07-20,goolge_ads,3827
2017-07-20,facebook_ads,3310
2017-07-20,email,544
2017-07-20,organic,0
2017-07-21,goolge_ads,4923
2017-07-21,facebook_ads,2705
2017-07-21,email,266
2017-07-21,organic,0
2017-07-22,goolge_ads,2090
2017-07-22,facebook_ads,2213
2017-07-22,email,630
2017-07-22,organic,0
2017-07-23,goolge_ads,2038
2017-07-23,facebook_ads,1672
2017-07-23,email,319
2017-07-23,organic,0
2017-07-24,goolge_ads,5709
2017-07-24,facebook_ads,2581
2017-07-24,email,575
2017-07-24,organic,0
2017-07-25,goolge_ads,2455
2017-07-25,facebook_ads,2328
2017-07-25,email,460
2017-07-25,organic,0
2017-07-26,goolge_ads,3958
2017-07-26,facebook_ads,3934
2017-07-26,email,447
2017-07-26,organic,0
2017-07-27,goolge_ads,2189
2017-07-27,facebook_ads,2004
2017-07-27,email,290
2017-07-27,organic,0
2017-07-28,goolge_ads,3531
2017-07-28,facebook_ads,2323
2017-07-28,email,216
2017-07-28,organic,0
2017-07-29,goolge_ads,2133
2017-07-29,facebook_ads,3605
2017-07-29,email,655
2017-07-29,organic,0
2017-07-30,goolge_ads,2684
2017-07-30,facebook_ads,3720
2017-07-30,email,248
2017-07-30,organic,0
2017-07-31,goolge_ads,2079
2017-07-31,facebook_ads,1702
2017-07-31,email,328
2017-07-31,organic,0
2017-08-01,goolge_ads,3699
2017-08-01,facebook_ads,2750
2017-08-01,email,631
2017-08-01,organic,0
2017-08-02,goolge_ads,5512
2017-08-02,facebook_ads,3594
2017-08-02,email,332
2017-08-02,organic,0
2017-08-03,goolge_ads,5376
2017-08-03,facebook_ads,3049
2017-08-03,email,242
2017-08-03,organic,0
2017-08-04,goolge_ads,5486
2017-08-04,facebook_ads,2896
2017-08-04,email,665
2017-08-04,organic,0
2017-08-05,goolge_ads,5957
2017-08-05,facebook_ads,1970
2017-08-05,email,111
2017-08-05,organic,0
2017-08-06,goolge_ads,3353
2017-08-06,facebook_ads,2467
2017-08-06,email,457
2017-08-06,organic,0
2017-08-07,goolge_ads,5019
2017-08-07,facebook_ads,2167
2017-08-07,email,472
2017-08-07,organic,0
2017-08-08,goolge_ads,3031
2017-08-08,facebook_ads,2645
2017-08-08,email,447
2017-08-08,organic,0
2017-08-09,goolge_ads,4723
2017-08-09,facebook_ads,1589
2017-08-09,email,415
2017-08-09,organic,0
2017-08-10,goolge_ads,5249
2017-08-10,facebook_ads,2039
2017-08-10,email,140
2017-08-10,organic,0
2017-08-11,goolge_ads,2739
2017-08-11,facebook_ads,3446
2017-08-11,email,601
2017-08-11,organic,0
2017-08-12,goolge_ads,5006
2017-08-12,facebook_ads,2724
2017-08-12,email,560
2017-08-12,organic,0
2017-08-13,goolge_ads,4779
2017-08-13,facebook_ads,2424
2017-08-13,email,657
2017-08-13,organic,0
2017-08-14,goolge_ads,5618
2017-08-14,facebook_ads,1889
2017-08-14,email,693
2017-08-14,organic,0
2017-08-15,goolge_ads,4930
2017-08-15,facebook_ads,1755
2017-08-15,email,549
2017-08-15,organic,0
2017-08-16,goolge_ads,2009
2017-08-16,facebook_ads,2297
2017-08-16,email,341
2017-08-16,organic,0
2017-08-17,goolge_ads,5322
2017-08-17,facebook_ads,2376
2017-08-17,email,104
2017-08-17,organic,0
2017-08-18,goolge_ads,5190
2017-08-18,facebook_ads,2515
2017-08-18,email,473
2017-08-18,organic,0
2017-08-19,goolge_ads,5136
2017-08-19,facebook_ads,3693
2017-08-19,email,323
2017-08-19,organic,0
2017-08-20,goolge_ads,3262
2017-08-20,facebook_ads,3724
2017-08-20,email,381
2017-08-20,organic,0
2017-08-21,goolge_ads,2062
2017-08-21,facebook_ads,2740
2017-08-21,email,560
2017-08-21,organic,0
2017-08-22,goolge_ads,3633
2017-08-22,facebook_ads,3652
2017-08-22,email,198
2017-08-22,organic,0
2017-08-23,goolge_ads,2510
2017-08-23,facebook_ads,1884
2017-08-23,email,504
2017-08-23,organic,0
2017-08-24,goolge_ads,4870
2017-08-24,facebook_ads,2017
2017-08-24,email,575
2017-08-24,organic,0
2017-08-25,goolge_ads,4000
2017-08-25,facebook_ads,3168
2017-08-25,email,536
2017-08-25,organic,0
2017-08-26,goolge_ads,5094
2017-08-26,facebook_ads,2213
2017-08-26,email,557
2017-08-26,organic,0
2017-08-27,goolge_ads,2082
2017-08-27,facebook_ads,2668
2017-08-27,email,184
2017-08-27,organic,0
2017-08-28,goolge_ads,5149
2017-08-28,facebook_ads,3401
2017-08-28,email,100
2017-08-28,organic,0
2017-08-29,goolge_ads,2050
2017-08-29,facebook_ads,2184
2017-08-29,email,545
2017-08-29,organic,0
2017-08-30,goolge_ads,2448
2017-08-30,facebook_ads,2380
2017-08-30,email,587
2017-08-30,organic,0
2017-08-31,goolge_ads,3823
2017-08-31,facebook_ads,3581
2017-08-31,email,447
2017-08-31,organic,0
2017-09-01,goolge_ads,4142
2017-09-01,facebook_ads,3074
2017-09-01,email,253
2017-09-01,organic,0
2017-09-02,goolge_ads,2249
2017-09-02,facebook_ads,2173
2017-09-02,email,537
2017-09-02,organic,0
2017-09-03,goolge_ads,4165
2017-09-03,facebook_ads,2270
2017-09-03,email,405
2017-09-03,organic,0
2017-09-04,goolge_ads,2267
2017-09-04,facebook_ads,3484
2017-09-04,email,153
2017-09-04,organic,0
2017-09-05,goolge_ads,2235
2017-09-05,facebook_ads,1888
2017-09-05,email,500
2017-09-05,organic,0
2017-09-06,goolge_ads,2623
2017-09-06,facebook_ads,2752
2017-09-06,email,677
2017-09-06,organic,0
2017-09-07,goolge_ads,4122
2017-09-07,facebook_ads,1934
2017-09-07,email,202
2017-09-07,organic,0
2017-09-08,goolge_ads,5493
2017-09-08,facebook_ads,2263
2017-09-08,email,405
2017-09-08,organic,0
2017-09-09,goolge_ads,4145
2017-09-09,facebook_ads,2858
2017-09-09,email,534
2017-09-09,organic,0
2017-09-10,goolge_ads,2446
2017-09-10,facebook_ads,3517
2017-09-10,email,407
2017-09-10,organic,0
2017-09-11,goolge_ads,2248
2017-09-11,facebook_ads,1665
2017-09-11,email,580
2017-09-11,organic,0
2017-09-12,goolge_ads,5031
2017-09-12,facebook_ads,2858
2017-09-12,email,641
2017-09-12,organic,0
2017-09-13,goolge_ads,2758
2017-09-13,facebook_ads,3628
2017-09-13,email,232
2017-09-13,organic,0
2017-09-14,goolge_ads,2796
2017-09-14,facebook_ads,1637
2017-09-14,email,283
2017-09-14,organic,0
2017-09-15,goolge_ads,5472
2017-09-15,facebook_ads,2853
2017-09-15,email,607
2017-09-15,organic,0
2017-09-16,goolge_ads,3875
2017-09-16,facebook_ads,1568
2017-09-16,email,645
2017-09-16,organic,0
2017-09-17,goolge_ads,5845
2017-09-17,facebook_ads,3600
2017-09-17,email,549
2017-09-17,organic,0
2017-09-18,goolge_ads,2204
2017-09-18,facebook_ads,3673
2017-09-18,email,142
2017-09-18,organic,0
2017-09-19,goolge_ads,5823
2017-09-19,facebook_ads,3406
2017-09-19,email,210
2017-09-19,organic,0
2017-09-20,goolge_ads,2760
2017-09-20,facebook_ads,3642
2017-09-20,email,473
2017-09-20,organic,0
2017-09-21,goolge_ads,3935
2017-09-21,facebook_ads,2399
2017-09-21,email,459
2017-09-21,organic,0
2017-09-22,goolge_ads,4947
2017-09-22,facebook_ads,3219
2017-09-22,email,380
2017-09-22,organic,0
2017-09-23,goolge_ads,5266
2017-09-23,facebook_ads,3387
2017-09-23,email,294
2017-09-23,organic,0
2017-09-24,goolge_ads,2666
2017-09-24,facebook_ads,1592
2017-09-24,email,160
2017-09-24,organic,0
2017-09-25,goolge_ads,4681
2017-09-25,facebook_ads,2528
2017-09-25,email,565
2017-09-25,organic,0
2017-09-26,goolge_ads,2603
2017-09-26,facebook_ads,2181
2017-09-26,email,633
2017-09-26,organic,0
2017-09-27,goolge_ads,3428
2017-09-27,facebook_ads,3780
2017-09-27,email,623
2017-09-27,organic,0
2017-09-28,goolge_ads,4393
2017-09-28,facebook_ads,3468
2017-09-28,email,177
2017-09-28,organic,0
2017-09-29,goolge_ads,3753
2017-09-29,facebook_ads,3336
2017-09-29,email,172
2017-09-29,organic,0
2017-09-30,goolge_ads,4841
2017-09-30,facebook_ads,3796
2017-09-30,email,146
2017-09-30,organic,0
2017-10-01,goolge_ads,3144
2017-10-01,facebook_ads,3761
2017-10-01,email,338
2017-10-01,organic,0
2017-10-02,goolge_ads,3079
2017-10-02,facebook_ads,3897
2017-10-02,email,206
2017-10-02,organic,0
2017-10-03,goolge_ads,4878
2017-10-03,facebook_ads,1547
2017-10-03,email,672
2017-10-03,organic,0
2017-10-04,goolge_ads,2336
2017-10-04,facebook_ads,2549
2017-10-04,email,356
2017-10-04,organic,0
2017-10-05,goolge_ads,4055
2017-10-05,facebook_ads,2124
2017-10-05,email,352
2017-10-05,organic,0
2017-10-06,goolge_ads,3715
2017-10-06,facebook_ads,1802
2017-10-06,email,155
2017-10-06,organic,0
2017-10-07,goolge_ads,2725
2017-10-07,facebook_ads,2025
2017-10-07,email,573
2017-10-07,organic,0
2017-10-08,goolge_ads,2027
2017-10-08,facebook_ads,3625
2017-10-08,email,315
2017-10-08,organic,0
2017-10-09,goolge_ads,5457
2017-10-09,facebook_ads,1864
2017-10-09,email,625
2017-10-09,organic,0
2017-10-10,goolge_ads,4746
2017-10-10,facebook_ads,2835
2017-10-10,email,106
2017-10-10,organic,0
2017-10-11,goolge_ads,3026
2017-10-11,facebook_ads,3146
2017-10-11,email,462
2017-10-11,organic,0
2017-10-12,goolge_ads,3774
2017-10-12,facebook_ads,3031
2017-10-12,email,373
2017-10-12,organic,0
2017-10-13,goolge_ads,5577
2017-10-13,facebook_ads,3406
2017-10-13,email,114
2017-10-13,organic,0
2017-10-14,goolge_ads,3215
2017-10-14,facebook_ads,3154
2017-10-14,email,584
2017-10-14,organic,0
2017-10-15,goolge_ads,4075
2017-10-15,facebook_ads,2213
2017-10-15,email,138
2017-10-15,organic,0
2017-10-16,goolge_ads,3976
2017-10-16,facebook_ads,2796
2017-10-16,email,330
2017-10-16,organic,0
2017-10-17,goolge_ads,4133
2017-10-17,facebook_ads,1625
2017-10-17,email,636
2017-10-17,organic,0
2017-10-18,goolge_ads,4192
2017-10-18,facebook_ads,3572
2017-10-18,email,679
2017-10-18,organic,0
2017-10-19,goolge_ads,5465
2017-10-19,facebook_ads,1566
2017-10-19,email,332
2017-10-19,organic,0
2017-10-20,goolge_ads,4156
2017-10-20,facebook_ads,2669
2017-10-20,email,210
2017-10-20,organic,0
2017-10-21,goolge_ads,4275
2017-10-21,facebook_ads,1610
2017-10-21,email,569
2017-10-21,organic,0
2017-10-22,goolge_ads,4081
2017-10-22,facebook_ads,2122
2017-10-22,email,468
2017-10-22,organic,0
2017-10-23,goolge_ads,4795
2017-10-23,facebook_ads,3972
2017-10-23,email,617
2017-10-23,organic,0
2017-10-24,goolge_ads,4739
2017-10-24,facebook_ads,2805
2017-10-24,email,419
2017-10-24,organic,0
2017-10-25,goolge_ads,3761
2017-10-25,facebook_ads,3475
2017-10-25,email,414
2017-10-25,organic,0
2017-10-26,goolge_ads,2876
2017-10-26,facebook_ads,3489
2017-10-26,email,476
2017-10-26,organic,0
2017-10-27,goolge_ads,3312
2017-10-27,facebook_ads,2960
2017-10-27,email,376
2017-10-27,organic,0
2017-10-28,goolge_ads,3733
2017-10-28,facebook_ads,3105
2017-10-28,email,602
2017-10-28,organic,0
2017-10-29,goolge_ads,4671
2017-10-29,facebook_ads,3897
2017-10-29,email,236
2017-10-29,organic,0
2017-10-30,goolge_ads,2758
2017-10-30,facebook_ads,1742
2017-10-30,email,642
2017-10-30,organic,0
2017-10-31,goolge_ads,3063
2017-10-31,facebook_ads,1728
2017-10-31,email,647
2017-10-31,organic,0
2017-11-01,goolge_ads,2919
2017-11-01,facebook_ads,2746
2017-11-01,email,105
2017-11-01,organic,0
2017-11-02,goolge_ads,5393
2017-11-02,facebook_ads,1967
2017-11-02,email,174
2017-11-02,organic,0
2017-11-03,goolge_ads,2003
2017-11-03,facebook_ads,3370
2017-11-03,email,217
2017-11-03,organic,0
2017-11-04,goolge_ads,4928
2017-11-04,facebook_ads,3129
2017-11-04,email,603
2017-11-04,organic,0
2017-11-05,goolge_ads,4021
2017-11-05,facebook_ads,2446
2017-11-05,email,673
2017-11-05,organic,0
2017-11-06,goolge_ads,3464
2017-11-06,facebook_ads,1693
2017-11-06,email,491
2017-11-06,organic,0
2017-11-07,goolge_ads,5097
2017-11-07,facebook_ads,2958
2017-11-07,email,272
2017-11-07,organic,0
2017-11-08,goolge_ads,5371
2017-11-08,facebook_ads,3168
2017-11-08,email,425
2017-11-08,organic,0
2017-11-09,goolge_ads,3433
2017-11-09,facebook_ads,2641
2017-11-09,email,324
2017-11-09,organic,0
2017-11-10,goolge_ads,2531
2017-11-10,facebook_ads,1612
2017-11-10,email,239
2017-11-10,organic,0
2017-11-11,goolge_ads,2558
2017-11-11,facebook_ads,3548
2017-11-11,email,189
2017-11-11,organic,0
2017-11-12,goolge_ads,2653
2017-11-12,facebook_ads,1819
2017-11-12,email,649
2017-11-12,organic,0
2017-11-13,goolge_ads,3828
2017-11-13,facebook_ads,3417
2017-11-13,email,238
2017-11-13,organic,0
2017-11-14,goolge_ads,5582
2017-11-14,facebook_ads,3526
2017-11-14,email,358
2017-11-14,organic,0
2017-11-15,goolge_ads,5744
2017-11-15,facebook_ads,2401
2017-11-15,email,109
2017-11-15,organic,0
2017-11-16,goolge_ads,2260
2017-11-16,facebook_ads,3442
2017-11-16,email,271
2017-11-16,organic,0
2017-11-17,goolge_ads,4945
2017-11-17,facebook_ads,3560
2017-11-17,email,267
2017-11-17,organic,0
2017-11-18,goolge_ads,5713
2017-11-18,facebook_ads,3119
2017-11-18,email,420
2017-11-18,organic,0
2017-11-19,goolge_ads,3342
2017-11-19,facebook_ads,3136
2017-11-19,email,428
2017-11-19,organic,0
2017-11-20,goolge_ads,4832
2017-11-20,facebook_ads,3494
2017-11-20,email,649
2017-11-20,organic,0
2017-11-21,goolge_ads,4038
2017-11-21,facebook_ads,2618
2017-11-21,email,680
2017-11-21,organic,0
2017-11-22,goolge_ads,4365
2017-11-22,facebook_ads,1735
2017-11-22,email,433
2017-11-22,organic,0
2017-11-23,goolge_ads,3908
2017-11-23,facebook_ads,1875
2017-11-23,email,558
2017-11-23,organic,0
2017-11-24,goolge_ads,3160
2017-11-24,facebook_ads,3070
2017-11-24,email,612
2017-11-24,organic,0
2017-11-25,goolge_ads,3319
2017-11-25,facebook_ads,3355
2017-11-25,email,448
2017-11-25,organic,0
2017-11-26,goolge_ads,5911
2017-11-26,facebook_ads,2372
2017-11-26,email,328
2017-11-26,organic,0
2017-11-27,goolge_ads,4317
2017-11-27,facebook_ads,3351
2017-11-27,email,390
2017-11-27,organic,0
2017-11-28,goolge_ads,2724
2017-11-28,facebook_ads,3552
2017-11-28,email,478
2017-11-28,organic,0
2017-11-29,goolge_ads,2077
2017-11-29,facebook_ads,1631
2017-11-29,email,141
2017-11-29,organic,0
2017-11-30,goolge_ads,4136
2017-11-30,facebook_ads,3949
2017-11-30,email,395
2017-11-30,organic,0
2017-12-01,goolge_ads,3863
2017-12-01,facebook_ads,2818
2017-12-01,email,625
2017-12-01,organic,0
2017-12-02,goolge_ads,4847
2017-12-02,facebook_ads,3969
2017-12-02,email,122
2017-12-02,organic,0
2017-12-03,goolge_ads,2574
2017-12-03,facebook_ads,3690
2017-12-03,email,244
2017-12-03,organic,0
2017-12-04,goolge_ads,3248
2017-12-04,facebook_ads,2002
2017-12-04,email,203
2017-12-04,organic,0
2017-12-05,goolge_ads,5110
2017-12-05,facebook_ads,3470
2017-12-05,email,297
2017-12-05,organic,0
2017-12-06,goolge_ads,3669
2017-12-06,facebook_ads,3938
2017-12-06,email,278
2017-12-06,organic,0
2017-12-07,goolge_ads,4601
2017-12-07,facebook_ads,2971
2017-12-07,email,599
2017-12-07,organic,0
2017-12-08,goolge_ads,5086
2017-12-08,facebook_ads,3146
2017-12-08,email,388
2017-12-08,organic,0
2017-12-09,goolge_ads,4035
2017-12-09,facebook_ads,1977
2017-12-09,email,330
2017-12-09,organic,0
2017-12-10,goolge_ads,2922
2017-12-10,facebook_ads,1919
2017-12-10,email,256
2017-12-10,organic,0
2017-12-11,goolge_ads,4597
2017-12-11,facebook_ads,2620
2017-12-11,email,510
2017-12-11,organic,0
2017-12-12,goolge_ads,2950
2017-12-12,facebook_ads,3836
2017-12-12,email,353
2017-12-12,organic,0
2017-12-13,goolge_ads,4243
2017-12-13,facebook_ads,3357
2017-12-13,email,621
2017-12-13,organic,0
2017-12-14,goolge_ads,2516
2017-12-14,facebook_ads,3158
2017-12-14,email,217
2017-12-14,organic,0
2017-12-15,goolge_ads,4853
2017-12-15,facebook_ads,3432
2017-12-15,email,258
2017-12-15,organic,0
2017-12-16,goolge_ads,2814
2017-12-16,facebook_ads,3775
2017-12-16,email,315
2017-12-16,organic,0
2017-12-17,goolge_ads,4995
2017-12-17,facebook_ads,3562
2017-12-17,email,256
2017-12-17,organic,0
2017-12-18,goolge_ads,5719
2017-12-18,facebook_ads,3594
2017-12-18,email,423
2017-12-18,organic,0
2017-12-19,goolge_ads,4891
2017-12-19,facebook_ads,1629
2017-12-19,email,510
2017-12-19,organic,0
2017-12-20,goolge_ads,2094
2017-12-20,facebook_ads,3455
2017-12-20,email,391
2017-12-20,organic,0
2017-12-21,goolge_ads,2793
2017-12-21,facebook_ads,3334
2017-12-21,email,382
2017-12-21,organic,0
2017-12-22,goolge_ads,4116
2017-12-22,facebook_ads,3183
2017-12-22,email,110
2017-12-22,organic,0
2017-12-23,goolge_ads,5325
2017-12-23,facebook_ads,3365
2017-12-23,email,649
2017-12-23,organic,0
2017-12-24,goolge_ads,5205
2017-12-24,facebook_ads,2211
2017-12-24,email,122
2017-12-24,organic,0
2017-12-25,goolge_ads,2814
2017-12-25,facebook_ads,1845
2017-12-25,email,401
2017-12-25,organic,0
2017-12-26,goolge_ads,2362
2017-12-26,facebook_ads,3943
2017-12-26,email,317
2017-12-26,organic,0
2017-12-27,goolge_ads,4188
2017-12-27,facebook_ads,2484
2017-12-27,email,559
2017-12-27,organic,0
2017-12-28,goolge_ads,5051
2017-12-28,facebook_ads,1855
2017-12-28,email,423
2017-12-28,organic,0
2017-12-29,goolge_ads,5204
2017-12-29,facebook_ads,3363
2017-12-29,email,226
2017-12-29,organic,0
2017-12-30,goolge_ads,5177
2017-12-30,facebook_ads,2103
2017-12-30,email,477
2017-12-30,organic,0
2017-12-31,goolge_ads,3928
2017-12-31,facebook_ads,2513
2017-12-31,email,150
2017-12-31,organic,0
2018-01-01,goolge_ads,5100
2018-01-01,facebook_ads,2930
2018-01-01,email,504
2018-01-01,organic,0
2018-01-02,goolge_ads,5417
2018-01-02,facebook_ads,3145
2018-01-02,email,519
2018-01-02,organic,0
2018-01-03,goolge_ads,3205
2018-01-03,facebook_ads,3354
2018-01-03,email,666
2018-01-03,organic,0
2018-01-04,goolge_ads,4418
2018-01-04,facebook_ads,2435
2018-01-04,email,530
2018-01-04,organic,0
2018-01-05,goolge_ads,5016
2018-01-05,facebook_ads,2832
2018-01-05,email,236
2018-01-05,organic,0
2018-01-06,goolge_ads,2201
2018-01-06,facebook_ads,3860
2018-01-06,email,216
2018-01-06,organic,0
2018-01-07,goolge_ads,5737
2018-01-07,facebook_ads,2436
2018-01-07,email,674
2018-01-07,organic,0
2018-01-08,goolge_ads,4291
2018-01-08,facebook_ads,2036
2018-01-08,email,174
2018-01-08,organic,0
2018-01-09,goolge_ads,5877
2018-01-09,facebook_ads,1885
2018-01-09,email,309
2018-01-09,organic,0
2018-01-10,goolge_ads,2474
2018-01-10,facebook_ads,1917
2018-01-10,email,446
2018-01-10,organic,0
2018-01-11,goolge_ads,5600
2018-01-11,facebook_ads,2438
2018-01-11,email,278
2018-01-11,organic,0
2018-01-12,goolge_ads,3205
2018-01-12,facebook_ads,2163
2018-01-12,email,124
2018-01-12,organic,0
2018-01-13,goolge_ads,3990
2018-01-13,facebook_ads,2703
2018-01-13,email,600
2018-01-13,organic,0
2018-01-14,goolge_ads,3879
2018-01-14,facebook_ads,2684
2018-01-14,email,276
2018-01-14,organic,0
2018-01-15,goolge_ads,2284
2018-01-15,facebook_ads,1562
2018-01-15,email,255
2018-01-15,organic,0
2018-01-16,goolge_ads,5953
2018-01-16,facebook_ads,2992
2018-01-16,email,148
2018-01-16,organic,0
2018-01-17,goolge_ads,2966
2018-01-17,facebook_ads,2348
2018-01-17,email,183
2018-01-17,organic,0
2018-01-18,goolge_ads,5432
2018-01-18,facebook_ads,2188
2018-01-18,email,247
2018-01-18,organic,0
2018-01-19,goolge_ads,5701
2018-01-19,facebook_ads,1841
2018-01-19,email,575
2018-01-19,organic,0
2018-01-20,goolge_ads,3086
2018-01-20,facebook_ads,3224
2018-01-20,email,459
2018-01-20,organic,0
2018-01-21,goolge_ads,4608
2018-01-21,facebook_ads,1826
2018-01-21,email,240
2018-01-21,organic,0
2018-01-22,goolge_ads,2989
2018-01-22,facebook_ads,3762
2018-01-22,email,534
2018-01-22,organic,0
2018-01-23,goolge_ads,5962
2018-01-23,facebook_ads,2451
2018-01-23,email,417
2018-01-23,organic,0
2018-01-24,goolge_ads,4079
2018-01-24,facebook_ads,3832
2018-01-24,email,404
2018-01-24,organic,0
2018-01-25,goolge_ads,2428
2018-01-25,facebook_ads,3000
2018-01-25,email,385
2018-01-25,organic,0
2018-01-26,goolge_ads,5215
2018-01-26,facebook_ads,3565
2018-01-26,email,689
2018-01-26,organic,0
2018-01-27,goolge_ads,3394
2018-01-27,facebook_ads,1693
2018-01-27,email,601
2018-01-27,organic,0
2018-01-28,goolge_ads,2987
2018-01-28,facebook_ads,2636
2018-01-28,email,213
2018-01-28,organic,0
2018-01-29,goolge_ads,5293
2018-01-29,facebook_ads,3201
2018-01-29,email,363
2018-01-29,organic,0
2018-01-30,goolge_ads,4972
2018-01-30,facebook_ads,1554
2018-01-30,email,557
2018-01-30,organic,0
2018-01-31,goolge_ads,3901
2018-01-31,facebook_ads,3709
2018-01-31,email,479
2018-01-31,organic,0
2018-02-01,goolge_ads,4134
2018-02-01,facebook_ads,1554
2018-02-01,email,575
2018-02-01,organic,0
2018-02-02,goolge_ads,3823
2018-02-02,facebook_ads,2701
2018-02-02,email,490
2018-02-02,organic,0
2018-02-03,goolge_ads,5420
2018-02-03,facebook_ads,2332
2018-02-03,email,412
2018-02-03,organic,0
2018-02-04,goolge_ads,4806
2018-02-04,facebook_ads,3358
2018-02-04,email,542
2018-02-04,organic,0
2018-02-05,goolge_ads,3790
2018-02-05,facebook_ads,1827
2018-02-05,email,153
2018-02-05,organic,0
2018-02-06,goolge_ads,4808
2018-02-06,facebook_ads,2787
2018-02-06,email,517
2018-02-06,organic,0
2018-02-07,goolge_ads,5874
2018-02-07,facebook_ads,3643
2018-02-07,email,187
2018-02-07,organic,0
2018-02-08,goolge_ads,5149
2018-02-08,facebook_ads,2811
2018-02-08,email,219
2018-02-08,organic,0
2018-02-09,goolge_ads,4861
2018-02-09,facebook_ads,1951
2018-02-09,email,599
2018-02-09,organic,0
2018-02-10,goolge_ads,2164
2018-02-10,facebook_ads,1681
2018-02-10,email,568
2018-02-10,organic,0
2018-02-11,goolge_ads,2909
2018-02-11,facebook_ads,2322
2018-02-11,email,106
2018-02-11,organic,0
2018-02-12,goolge_ads,2329
2018-02-12,facebook_ads,2274
2018-02-12,email,250
2018-02-12,organic,0
2018-02-13,goolge_ads,5156
2018-02-13,facebook_ads,1646
2018-02-13,email,480
2018-02-13,organic,0
2018-02-14,goolge_ads,2914
2018-02-14,facebook_ads,3071
2018-02-14,email,384
2018-02-14,organic,0
2018-02-15,goolge_ads,4747
2018-02-15,facebook_ads,1581
2018-02-15,email,613
2018-02-15,organic,0
2018-02-16,goolge_ads,3920
2018-02-16,facebook_ads,3439
2018-02-16,email,622
2018-02-16,organic,0
2018-02-17,goolge_ads,2745
2018-02-17,facebook_ads,2909
2018-02-17,email,570
2018-02-17,organic,0
2018-02-18,goolge_ads,5190
2018-02-18,facebook_ads,1895
2018-02-18,email,631
2018-02-18,organic,0
2018-02-19,goolge_ads,4308
2018-02-19,facebook_ads,2304
2018-02-19,email,355
2018-02-19,organic,0
2018-02-20,goolge_ads,3757
2018-02-20,facebook_ads,2404
2018-02-20,email,325
2018-02-20,organic,0
2018-02-21,goolge_ads,3076
2018-02-21,facebook_ads,3390
2018-02-21,email,599
2018-02-21,organic,0
2018-02-22,goolge_ads,5577
2018-02-22,facebook_ads,2887
2018-02-22,email,379
2018-02-22,organic,0
2018-02-23,goolge_ads,2592
2018-02-23,facebook_ads,3606
2018-02-23,email,227
2018-02-23,organic,0
2018-02-24,goolge_ads,2735
2018-02-24,facebook_ads,2020
2018-02-24,email,651
2018-02-24,organic,0
2018-02-25,goolge_ads,2236
2018-02-25,facebook_ads,2804
2018-02-25,email,458
2018-02-25,organic,0
2018-02-26,goolge_ads,5272
2018-02-26,facebook_ads,3281
2018-02-26,email,377
2018-02-26,organic,0
2018-02-27,goolge_ads,5306
2018-02-27,facebook_ads,3551
2018-02-27,email,541
2018-02-27,organic,0
2018-02-28,goolge_ads,4076
2018-02-28,facebook_ads,2304
2018-02-28,email,174
2018-02-28,organic,0
2018-03-01,goolge_ads,4885
2018-03-01,facebook_ads,3675
2018-03-01,email,141
2018-03-01,organic,0
2018-03-02,goolge_ads,3379
2018-03-02,facebook_ads,1540
2018-03-02,email,133
2018-03-02,organic,0
2018-03-03,goolge_ads,5088
2018-03-03,facebook_ads,3200
2018-03-03,email,252
2018-03-03,organic,0
2018-03-04,goolge_ads,5045
2018-03-04,facebook_ads,2901
2018-03-04,email,687
2018-03-04,organic,0
2018-03-05,goolge_ads,3622
2018-03-05,facebook_ads,1841
2018-03-05,email,126
2018-03-05,organic,0
2018-03-06,goolge_ads,5896
2018-03-06,facebook_ads,2145
2018-03-06,email,267
2018-03-06,organic,0
2018-03-07,goolge_ads,2609
2018-03-07,facebook_ads,3815
2018-03-07,email,554
2018-03-07,organic,0
2018-03-08,goolge_ads,4953
2018-03-08,facebook_ads,3208
2018-03-08,email,500
2018-03-08,organic,0
2018-03-09,goolge_ads,4969
2018-03-09,facebook_ads,2201
2018-03-09,email,657
2018-03-09,organic,0
2018-03-10,goolge_ads,3599
2018-03-10,facebook_ads,1629
2018-03-10,email,462
2018-03-10,organic,0
2018-03-11,goolge_ads,5776
2018-03-11,facebook_ads,2192
2018-03-11,email,391
2018-03-11,organic,0
2018-03-12,goolge_ads,3394
2018-03-12,facebook_ads,2293
2018-03-12,email,128
2018-03-12,organic,0
2018-03-13,goolge_ads,2148
2018-03-13,facebook_ads,2819
2018-03-13,email,110
2018-03-13,organic,0
2018-03-14,goolge_ads,5583
2018-03-14,facebook_ads,2636
2018-03-14,email,286
2018-03-14,organic,0
2018-03-15,goolge_ads,4854
2018-03-15,facebook_ads,2750
2018-03-15,email,409
2018-03-15,organic,0
2018-03-16,goolge_ads,2097
2018-03-16,facebook_ads,1554
2018-03-16,email,505
2018-03-16,organic,0
2018-03-17,goolge_ads,4116
2018-03-17,facebook_ads,2812
2018-03-17,email,647
2018-03-17,organic,0
2018-03-18,goolge_ads,2750
2018-03-18,facebook_ads,3262
2018-03-18,email,343
2018-03-18,organic,0
2018-03-19,goolge_ads,5562
2018-03-19,facebook_ads,1864
2018-03-19,email,581
2018-03-19,organic,0
2018-03-20,goolge_ads,4248
2018-03-20,facebook_ads,1653
2018-03-20,email,549
2018-03-20,organic,0
2018-03-21,goolge_ads,3524
2018-03-21,facebook_ads,3620
2018-03-21,email,395
2018-03-21,organic,0
2018-03-22,goolge_ads,3040
2018-03-22,facebook_ads,3164
2018-03-22,email,316
2018-03-22,organic,0
2018-03-23,goolge_ads,2060
2018-03-23,facebook_ads,2438
2018-03-23,email,141
2018-03-23,organic,0
2018-03-24,goolge_ads,2024
2018-03-24,facebook_ads,2562
2018-03-24,email,230
2018-03-24,organic,0
2018-03-25,goolge_ads,5569
2018-03-25,facebook_ads,2752
2018-03-25,email,207
2018-03-25,organic,0
2018-03-26,goolge_ads,2171
2018-03-26,facebook_ads,2958
2018-03-26,email,577
2018-03-26,organic,0
2018-03-27,goolge_ads,2101
2018-03-27,facebook_ads,3822
2018-03-27,email,143
2018-03-27,organic,0
2018-03-28,goolge_ads,4864
2018-03-28,facebook_ads,2540
2018-03-28,email,429
2018-03-28,organic,0
2018-03-29,goolge_ads,5640
2018-03-29,facebook_ads,3020
2018-03-29,email,111
2018-03-29,organic,0
2018-03-30,goolge_ads,3341
2018-03-30,facebook_ads,1715
2018-03-30,email,438
2018-03-30,organic,0
2018-03-31,goolge_ads,3799
2018-03-31,facebook_ads,3250
2018-03-31,email,584
2018-03-31,organic,0
2018-04-01,goolge_ads,4421
2018-04-01,facebook_ads,2209
2018-04-01,email,299
2018-04-01,organic,0
2018-04-02,goolge_ads,5608
2018-04-02,facebook_ads,2612
2018-04-02,email,367
2018-04-02,organic,0
2018-04-03,goolge_ads,5726
2018-04-03,facebook_ads,1988
2018-04-03,email,637
2018-04-03,organic,0
2018-04-04,goolge_ads,2046
2018-04-04,facebook_ads,2277
2018-04-04,email,115
2018-04-04,organic,0
2018-04-05,goolge_ads,2710
2018-04-05,facebook_ads,1900
2018-04-05,email,185
2018-04-05,organic,0
2018-04-06,goolge_ads,2249
2018-04-06,facebook_ads,1890
2018-04-06,email,434
2018-04-06,organic,0
2018-04-07,goolge_ads,2628
2018-04-07,facebook_ads,1636
2018-04-07,email,597
2018-04-07,organic,0
2018-04-08,goolge_ads,2826
2018-04-08,facebook_ads,2226
2018-04-08,email,576
2018-04-08,organic,0
2018-04-09,goolge_ads,4641
2018-04-09,facebook_ads,2489
2018-04-09,email,471
2018-04-09,organic,0
2018-04-10,goolge_ads,2934
2018-04-10,facebook_ads,1901
2018-04-10,email,542
2018-04-10,organic,0
2018-04-11,goolge_ads,5561
2018-04-11,facebook_ads,2114
2018-04-11,email,372
2018-04-11,organic,0
2018-04-12,goolge_ads,5597
2018-04-12,facebook_ads,2682
2018-04-12,email,251
2018-04-12,organic,0
2018-04-13,goolge_ads,5042
2018-04-13,facebook_ads,3735
2018-04-13,email,197
2018-04-13,organic,0
2018-04-14,goolge_ads,2130
2018-04-14,facebook_ads,2694
2018-04-14,email,282
2018-04-14,organic,0
2018-04-15,goolge_ads,5030
2018-04-15,facebook_ads,1863
2018-04-15,email,138
2018-04-15,organic,0
2018-04-16,goolge_ads,5598
2018-04-16,facebook_ads,2872
2018-04-16,email,496
2018-04-16,organic,0
2018-04-17,goolge_ads,4769
2018-04-17,facebook_ads,1515
2018-04-17,email,592
2018-04-17,organic,0
2018-04-18,goolge_ads,3449
2018-04-18,facebook_ads,2631
2018-04-18,email,549
2018-04-18,organic,0
2018-04-19,goolge_ads,2310
2018-04-19,facebook_ads,2238
2018-04-19,email,269
2018-04-19,organic,0
2018-04-20,goolge_ads,2545
2018-04-20,facebook_ads,3961
2018-04-20,email,350
2018-04-20,organic,0
2018-04-21,goolge_ads,2758
2018-04-21,facebook_ads,3304
2018-04-21,email,240
2018-04-21,organic,0
2018-04-22,goolge_ads,3297
2018-04-22,facebook_ads,3131
2018-04-22,email,138
2018-04-22,organic,0
2018-04-23,goolge_ads,2813
2018-04-23,facebook_ads,1528
2018-04-23,email,576
2018-04-23,organic,0
2018-04-24,goolge_ads,2317
2018-04-24,facebook_ads,1744
2018-04-24,email,371
2018-04-24,organic,0
2018-04-25,goolge_ads,5511
2018-04-25,facebook_ads,3271
2018-04-25,email,338
2018-04-25,organic,0
2018-04-26,goolge_ads,4424
2018-04-26,facebook_ads,1765
2018-04-26,email,458
2018-04-26,organic,0
2018-04-27,goolge_ads,2339
2018-04-27,facebook_ads,1888
2018-04-27,email,676
2018-04-27,organic,0
2018-04-28,goolge_ads,5760
2018-04-28,facebook_ads,3550
2018-04-28,email,528
2018-04-28,organic,0
2018-04-29,goolge_ads,3165
2018-04-29,facebook_ads,1875
2018-04-29,email,423
2018-04-29,organic,0
2018-04-30,goolge_ads,2145
2018-04-30,facebook_ads,3481
2018-04-30,email,392
2018-04-30,organic,0
2018-05-01,goolge_ads,5736
2018-05-01,facebook_ads,1931
2018-05-01,email,684
2018-05-01,organic,0
2018-05-02,goolge_ads,2398
2018-05-02,facebook_ads,2463
2018-05-02,email,239
2018-05-02,organic,0
2018-05-03,goolge_ads,4234
2018-05-03,facebook_ads,3541
2018-05-03,email,160
2018-05-03,organic,0
2018-05-04,goolge_ads,2938
2018-05-04,facebook_ads,2209
2018-05-04,email,539
2018-05-04,organic,0
2018-05-05,goolge_ads,5390
2018-05-05,facebook_ads,2825
2018-05-05,email,443
2018-05-05,organic,0
2018-05-06,goolge_ads,2010
2018-05-06,facebook_ads,2585
2018-05-06,email,325
2018-05-06,organic,0
2018-05-07,goolge_ads,5224
2018-05-07,facebook_ads,2271
2018-05-07,email,670
2018-05-07,organic,0
2018-05-08,goolge_ads,3607
2018-05-08,facebook_ads,2833
2018-05-08,email,342
2018-05-08,organic,0
2018-05-09,goolge_ads,5564
2018-05-09,facebook_ads,2889
2018-05-09,email,429
2018-05-09,organic,0
2018-05-10,goolge_ads,5178
2018-05-10,facebook_ads,1725
2018-05-10,email,317
2018-05-10,organic,0
2018-05-11,goolge_ads,2936
2018-05-11,facebook_ads,3806
2018-05-11,email,616
2018-05-11,organic,0
2018-05-12,goolge_ads,3796
2018-05-12,facebook_ads,1553
2018-05-12,email,146
2018-05-12,organic,0
2018-05-13,goolge_ads,2726
2018-05-13,facebook_ads,3044
2018-05-13,email,198
2018-05-13,organic,0
2018-05-14,goolge_ads,3043
2018-05-14,facebook_ads,3413
2018-05-14,email,672
2018-05-14,organic,0
2018-05-15,goolge_ads,3914
2018-05-15,facebook_ads,3966
2018-05-15,email,161
2018-05-15,organic,0
2018-05-16,goolge_ads,5216
2018-05-16,facebook_ads,3763
2018-05-16,email,102
2018-05-16,organic,0
2018-05-17,goolge_ads,2159
2018-05-17,facebook_ads,2280
2018-05-17,email,219
2018-05-17,organic,0
2018-05-18,goolge_ads,2892
2018-05-18,facebook_ads,3530
2018-05-18,email,188
2018-05-18,organic,0
2018-05-19,goolge_ads,4376
2018-05-19,facebook_ads,2079
2018-05-19,email,456
2018-05-19,organic,0
2018-05-20,goolge_ads,5681
2018-05-20,facebook_ads,2790
2018-05-20,email,422
2018-05-20,organic,0
2018-05-21,goolge_ads,4682
2018-05-21,facebook_ads,2487
2018-05-21,email,640
2018-05-21,organic,0
2018-05-22,goolge_ads,5720
2018-05-22,facebook_ads,2718
2018-05-22,email,431
2018-05-22,organic,0
2018-05-23,goolge_ads,2169
2018-05-23,facebook_ads,2020
2018-05-23,email,562
2018-05-23,organic,0
2018-05-24,goolge_ads,2039
2018-05-24,facebook_ads,3060
2018-05-24,email,360
2018-05-24,organic,0
2018-05-25,goolge_ads,3418
2018-05-25,facebook_ads,2454
2018-05-25,email,325
2018-05-25,organic,0
2018-05-26,goolge_ads,2983
2018-05-26,facebook_ads,2474
2018-05-26,email,137
2018-05-26,organic,0
2018-05-27,goolge_ads,4375
2018-05-27,facebook_ads,2774
2018-05-27,email,275
2018-05-27,organic,0
2018-05-28,goolge_ads,3625
2018-05-28,facebook_ads,2413
2018-05-28,email,553
2018-05-28,organic,0
2018-05-29,goolge_ads,2036
2018-05-29,facebook_ads,3211
2018-05-29,email,692
2018-05-29,organic,0
2018-05-30,goolge_ads,3137
2018-05-30,facebook_ads,2824
2018-05-30,email,323
2018-05-30,organic,0
2018-05-31,goolge_ads,2317
2018-05-31,facebook_ads,3896
2018-05-31,email,214
2018-05-31,organic,0
2018-06-01,goolge_ads,4745
2018-06-01,facebook_ads,2846
2018-06-01,email,667
2018-06-01,organic,0
2018-06-02,goolge_ads,5111
2018-06-02,facebook_ads,3389
2018-06-02,email,139
2018-06-02,organic,0
2018-06-03,goolge_ads,5930
2018-06-03,facebook_ads,3496
2018-06-03,email,388
2018-06-03,organic,0
2018-06-04,goolge_ads,3285
2018-06-04,facebook_ads,1715
2018-06-04,email,246
2018-06-04,organic,0
2018-06-05,goolge_ads,4383
2018-06-05,facebook_ads,3639
2018-06-05,email,452
2018-06-05,organic,0
2018-06-06,goolge_ads,4618
2018-06-06,facebook_ads,3204
2018-06-06,email,462
2018-06-06,organic,0
2018-06-07,goolge_ads,4604
2018-06-07,facebook_ads,3216
2018-06-07,email,269
2018-06-07,organic,0
2018-06-08,goolge_ads,2355
2018-06-08,facebook_ads,1690
2018-06-08,email,521
2018-06-08,organic,0
2018-06-09,goolge_ads,2699
2018-06-09,facebook_ads,3554
2018-06-09,email,232
2018-06-09,organic,0
2018-06-10,goolge_ads,5818
2018-06-10,facebook_ads,2056
2018-06-10,email,130
2018-06-10,organic,0
2018-06-11,goolge_ads,4582
2018-06-11,facebook_ads,1925
2018-06-11,email,493
2018-06-11,organic,0
2018-06-12,goolge_ads,4719
2018-06-12,facebook_ads,3910
2018-06-12,email,536
2018-06-12,organic,0
2018-06-13,goolge_ads,5741
2018-06-13,facebook_ads,3074
2018-06-13,email,181
2018-06-13,organic,0
2018-06-14,goolge_ads,4403
2018-06-14,facebook_ads,2088
2018-06-14,email,623
2018-06-14,organic,0
2018-06-15,goolge_ads,2294
2018-06-15,facebook_ads,3485
2018-06-15,email,323
2018-06-15,organic,0
2018-06-16,goolge_ads,3548
2018-06-16,facebook_ads,3190
2018-06-16,email,212
2018-06-16,organic,0
2018-06-17,goolge_ads,3256
2018-06-17,facebook_ads,3564
2018-06-17,email,459
2018-06-17,organic,0
2018-06-18,goolge_ads,5294
2018-06-18,facebook_ads,2199
2018-06-18,email,547
2018-06-18,organic,0
2018-06-19,goolge_ads,4903
2018-06-19,facebook_ads,3912
2018-06-19,email,425
2018-06-19,organic,0
2018-06-20,goolge_ads,4514
2018-06-20,facebook_ads,3961
2018-06-20,email,554
2018-06-20,organic,0
2018-06-21,goolge_ads,2585
2018-06-21,facebook_ads,2756
2018-06-21,email,323
2018-06-21,organic,0
2018-06-22,goolge_ads,2993
2018-06-22,facebook_ads,2935
2018-06-22,email,671
2018-06-22,organic,0
2018-06-23,goolge_ads,4382
2018-06-23,facebook_ads,2745
2018-06-23,email,136
2018-06-23,organic,0
2018-06-24,goolge_ads,2988
2018-06-24,facebook_ads,1777
2018-06-24,email,295
2018-06-24,organic,0
2018-06-25,goolge_ads,4963
2018-06-25,facebook_ads,3387
2018-06-25,email,583
2018-06-25,organic,0
2018-06-26,goolge_ads,3265
2018-06-26,facebook_ads,2230
2018-06-26,email,291
2018-06-26,organic,0
2018-06-27,goolge_ads,3040
2018-06-27,facebook_ads,2417
2018-06-27,email,500
2018-06-27,organic,0
2018-06-28,goolge_ads,5977
2018-06-28,facebook_ads,2385
2018-06-28,email,121
2018-06-28,organic,0
2018-06-29,goolge_ads,2473
2018-06-29,facebook_ads,3757
2018-06-29,email,405
2018-06-29,organic,0
2018-06-30,goolge_ads,5341
2018-06-30,facebook_ads,2203
2018-06-30,email,384
2018-06-30,organic,0
2018-07-01,goolge_ads,2715
2018-07-01,facebook_ads,2262
2018-07-01,email,326
2018-07-01,organic,0
2018-07-02,goolge_ads,2947
2018-07-02,facebook_ads,3928
2018-07-02,email,559
2018-07-02,organic,0
2018-07-03,goolge_ads,3030
2018-07-03,facebook_ads,1528
2018-07-03,email,132
2018-07-03,organic,0
2018-07-04,goolge_ads,5717
2018-07-04,facebook_ads,3626
2018-07-04,email,558
2018-07-04,organic,0
2018-07-05,goolge_ads,2569
2018-07-05,facebook_ads,3506
2018-07-05,email,637
2018-07-05,organic,0
2018-07-06,goolge_ads,5553
2018-07-06,facebook_ads,2953
2018-07-06,email,384
2018-07-06,organic,0
2018-07-07,goolge_ads,2515
2018-07-07,facebook_ads,3500
2018-07-07,email,198
2018-07-07,organic,0
2018-07-08,goolge_ads,4444
2018-07-08,facebook_ads,1538
2018-07-08,email,370
2018-07-08,organic,0
2018-07-09,goolge_ads,2886
2018-07-09,facebook_ads,3704
2018-07-09,email,174
2018-07-09,organic,0
2018-07-10,goolge_ads,4931
2018-07-10,facebook_ads,3323
2018-07-10,email,229
2018-07-10,organic,0
2018-07-11,goolge_ads,3710
2018-07-11,facebook_ads,2473
2018-07-11,email,183
2018-07-11,organic,0
2018-07-12,goolge_ads,5093
2018-07-12,facebook_ads,3062
2018-07-12,email,481
2018-07-12,organic,0
2018-07-13,goolge_ads,4795
2018-07-13,facebook_ads,2488
2018-07-13,email,120
2018-07-13,organic,0
2018-07-14,goolge_ads,4350
2018-07-14,facebook_ads,2368
2018-07-14,email,183
2018-07-14,organic,0
2018-07-15,goolge_ads,5845
2018-07-15,facebook_ads,3182
2018-07-15,email,552
2018-07-15,organic,0
2018-07-16,goolge_ads,3410
2018-07-16,facebook_ads,3030
2018-07-16,email,356
2018-07-16,organic,0
2018-07-17,goolge_ads,2569
2018-07-17,facebook_ads,2433
2018-07-17,email,626
2018-07-17,organic,0
2018-07-18,goolge_ads,5233
2018-07-18,facebook_ads,3480
2018-07-18,email,262
2018-07-18,organic,0
2018-07-19,goolge_ads,3855
2018-07-19,facebook_ads,2292
2018-07-19,email,623
2018-07-19,organic,0
2018-07-20,goolge_ads,3809
2018-07-20,facebook_ads,2794
2018-07-20,email,591
2018-07-20,organic,0
2018-07-21,goolge_ads,4255
2018-07-21,facebook_ads,3107
2018-07-21,email,159
2018-07-21,organic,0
2018-07-22,goolge_ads,4477
2018-07-22,facebook_ads,2484
2018-07-22,email,408
2018-07-22,organic,0
2018-07-23,goolge_ads,2519
2018-07-23,facebook_ads,2090
2018-07-23,email,126
2018-07-23,organic,0
2018-07-24,goolge_ads,3709
2018-07-24,facebook_ads,3535
2018-07-24,email,298
2018-07-24,organic,0
2018-07-25,goolge_ads,4434
2018-07-25,facebook_ads,1848
2018-07-25,email,635
2018-07-25,organic,0
2018-07-26,goolge_ads,5899
2018-07-26,facebook_ads,1877
2018-07-26,email,657
2018-07-26,organic,0
2018-07-27,goolge_ads,2526
2018-07-27,facebook_ads,3753
2018-07-27,email,554
2018-07-27,organic,0
2018-07-28,goolge_ads,5344
2018-07-28,facebook_ads,2759
2018-07-28,email,620
2018-07-28,organic,0
2018-07-29,goolge_ads,3701
2018-07-29,facebook_ads,2516
2018-07-29,email,600
2018-07-29,organic,0
2018-07-30,goolge_ads,2116
2018-07-30,facebook_ads,3933
2018-07-30,email,443
2018-07-30,organic,0
2018-07-31,goolge_ads,2583
2018-07-31,facebook_ads,1894
2018-07-31,email,163
2018-07-31,organic,0
2018-08-01,goolge_ads,5788
2018-08-01,facebook_ads,1571
2018-08-01,email,373
2018-08-01,organic,0
2018-08-02,goolge_ads,4013
2018-08-02,facebook_ads,2843
2018-08-02,email,437
2018-08-02,organic,0
2018-08-03,goolge_ads,3389
2018-08-03,facebook_ads,2106
2018-08-03,email,265
2018-08-03,organic,0
2018-08-04,goolge_ads,3567
2018-08-04,facebook_ads,3558
2018-08-04,email,400
2018-08-04,organic,0
2018-08-05,goolge_ads,2728
2018-08-05,facebook_ads,3543
2018-08-05,email,201
2018-08-05,organic,0
2018-08-06,goolge_ads,5496
2018-08-06,facebook_ads,2915
2018-08-06,email,313
2018-08-06,organic,0
2018-08-07,goolge_ads,5762
2018-08-07,facebook_ads,2611
2018-08-07,email,652
2018-08-07,organic,0
2018-08-08,goolge_ads,4448
2018-08-08,facebook_ads,3195
2018-08-08,email,562
2018-08-08,organic,0
2018-08-09,goolge_ads,2591
2018-08-09,facebook_ads,2833
2018-08-09,email,185
2018-08-09,organic,0
2018-08-10,goolge_ads,4139
2018-08-10,facebook_ads,2213
2018-08-10,email,341
2018-08-10,organic,0
2018-08-11,goolge_ads,4043
2018-08-11,facebook_ads,1501
2018-08-11,email,324
2018-08-11,organic,0
2018-08-12,goolge_ads,4848
2018-08-12,facebook_ads,3268
2018-08-12,email,688
2018-08-12,organic,0
2018-08-13,goolge_ads,4163
2018-08-13,facebook_ads,2417
2018-08-13,email,202
2018-08-13,organic,0
2018-08-14,goolge_ads,4241
2018-08-14,facebook_ads,1589
2018-08-14,email,221
2018-08-14,organic,0
2018-08-15,goolge_ads,2142
2018-08-15,facebook_ads,1605
2018-08-15,email,527
2018-08-15,organic,0
2018-08-16,goolge_ads,3328
2018-08-16,facebook_ads,3395
2018-08-16,email,416
2018-08-16,organic,0
2018-08-17,goolge_ads,3986
2018-08-17,facebook_ads,2134
2018-08-17,email,108
2018-08-17,organic,0
2018-08-18,goolge_ads,4821
2018-08-18,facebook_ads,3770
2018-08-18,email,515
2018-08-18,organic,0
2018-08-19,goolge_ads,2552
2018-08-19,facebook_ads,2215
2018-08-19,email,363
2018-08-19,organic,0
2018-08-20,goolge_ads,5911
2018-08-20,facebook_ads,3213
2018-08-20,email,417
2018-08-20,organic,0
2018-08-21,goolge_ads,3107
2018-08-21,facebook_ads,2841
2018-08-21,email,210
2018-08-21,organic,0
2018-08-22,goolge_ads,2250
2018-08-22,facebook_ads,3930
2018-08-22,email,106
2018-08-22,organic,0
2018-08-23,goolge_ads,2458
2018-08-23,facebook_ads,2607
2018-08-23,email,307
2018-08-23,organic,0
2018-08-24,goolge_ads,2899
2018-08-24,facebook_ads,1521
2018-08-24,email,509
2018-08-24,organic,0
2018-08-25,goolge_ads,2894
2018-08-25,facebook_ads,2014
2018-08-25,email,226
2018-08-25,organic,0
2018-08-26,goolge_ads,2808
2018-08-26,facebook_ads,2373
2018-08-26,email,113
2018-08-26,organic,0
2018-08-27,goolge_ads,2970
2018-08-27,facebook_ads,3634
2018-08-27,email,623
2018-08-27,organic,0
2018-08-28,goolge_ads,4956
2018-08-28,facebook_ads,3060
2018-08-28,email,400
2018-08-28,organic,0
2018-08-29,goolge_ads,3266
2018-08-29,facebook_ads,3669
2018-08-29,email,246
2018-08-29,organic,0
2018-08-30,goolge_ads,5638
2018-08-30,facebook_ads,2249
2018-08-30,email,455
2018-08-30,organic,0
2018-08-31,goolge_ads,2684
2018-08-31,facebook_ads,3427
2018-08-31,email,408
2018-08-31,organic,0
2018-09-01,goolge_ads,2694
2018-09-01,facebook_ads,3835
2018-09-01,email,406
2018-09-01,organic,0
2018-09-02,goolge_ads,5883
2018-09-02,facebook_ads,3489
2018-09-02,email,648
2018-09-02,organic,0
2018-09-03,goolge_ads,5423
2018-09-03,facebook_ads,1811
2018-09-03,email,158
2018-09-03,organic,0
2018-09-04,goolge_ads,5714
2018-09-04,facebook_ads,3237
2018-09-04,email,134
2018-09-04,organic,0
2018-09-05,goolge_ads,2444
2018-09-05,facebook_ads,3640
2018-09-05,email,306
2018-09-05,organic,0
2018-09-06,goolge_ads,2352
2018-09-06,facebook_ads,2402
2018-09-06,email,431
2018-09-06,organic,0
2018-09-07,goolge_ads,5888
2018-09-07,facebook_ads,3248
2018-09-07,email,258
2018-09-07,organic,0
2018-09-08,goolge_ads,3977
2018-09-08,facebook_ads,2456
2018-09-08,email,123
2018-09-08,organic,0
2018-09-09,goolge_ads,2403
2018-09-09,facebook_ads,2015
2018-09-09,email,463
2018-09-09,organic,0
2018-09-10,goolge_ads,5453
2018-09-10,facebook_ads,2455
2018-09-10,email,251
2018-09-10,organic,0
2018-09-11,goolge_ads,5633
2018-09-11,facebook_ads,3212
2018-09-11,email,519
2018-09-11,organic,0
2018-09-12,goolge_ads,3273
2018-09-12,facebook_ads,3035
2018-09-12,email,677
2018-09-12,organic,0
2018-09-13,goolge_ads,4382
2018-09-13,facebook_ads,2941
2018-09-13,email,394
2018-09-13,organic,0
2018-09-14,goolge_ads,2754
2018-09-14,facebook_ads,2894
2018-09-14,email,285
2018-09-14,organic,0
2018-09-15,goolge_ads,3269
2018-09-15,facebook_ads,2136
2018-09-15,email,367
2018-09-15,organic,0
2018-09-16,goolge_ads,5714
2018-09-16,facebook_ads,2029
2018-09-16,email,651
2018-09-16,organic,0
2018-09-17,goolge_ads,4068
2018-09-17,facebook_ads,2293
2018-09-17,email,619
2018-09-17,organic,0
2018-09-18,goolge_ads,4147
2018-09-18,facebook_ads,1977
2018-09-18,email,698
2018-09-18,organic,0
2018-09-19,goolge_ads,5369
2018-09-19,facebook_ads,2439
2018-09-19,email,625
2018-09-19,organic,0
2018-09-20,goolge_ads,4381
2018-09-20,facebook_ads,1501
2018-09-20,email,474
2018-09-20,organic,0
2018-09-21,goolge_ads,4340
2018-09-21,facebook_ads,2052
2018-09-21,email,417
2018-09-21,organic,0
2018-09-22,goolge_ads,3525
2018-09-22,facebook_ads,3351
2018-09-22,email,480
2018-09-22,organic,0
2018-09-23,goolge_ads,3646
2018-09-23,facebook_ads,1513
2018-09-23,email,603
2018-09-23,organic,0
2018-09-24,goolge_ads,4278
2018-09-24,facebook_ads,3508
2018-09-24,email,183
2018-09-24,organic,0
2018-09-25,goolge_ads,2129
2018-09-25,facebook_ads,2337
2018-09-25,email,244
2018-09-25,organic,0
2018-09-26,goolge_ads,4938
2018-09-26,facebook_ads,3540
2018-09-26,email,127
2018-09-26,organic,0
2018-09-27,goolge_ads,4113
2018-09-27,facebook_ads,2752
2018-09-27,email,360
2018-09-27,organic,0
2018-09-28,goolge_ads,4046
2018-09-28,facebook_ads,2972
2018-09-28,email,523
2018-09-28,organic,0
2018-09-29,goolge_ads,2459
2018-09-29,facebook_ads,1800
2018-09-29,email,402
2018-09-29,organic,0
2018-09-30,goolge_ads,4334
2018-09-30,facebook_ads,2129
2018-09-30,email,369
2018-09-30,organic,0
2018-10-01,goolge_ads,4639
2018-10-01,facebook_ads,3493
2018-10-01,email,460
2018-10-01,organic,0
2018-10-02,goolge_ads,3280
2018-10-02,facebook_ads,3680
2018-10-02,email,375
2018-10-02,organic,0
2018-10-03,goolge_ads,3799
2018-10-03,facebook_ads,3206
2018-10-03,email,612
2018-10-03,organic,0
2018-10-04,goolge_ads,4360
2018-10-04,facebook_ads,2075
2018-10-04,email,383
2018-10-04,organic,0
2018-10-05,goolge_ads,5192
2018-10-05,facebook_ads,3456
2018-10-05,email,303
2018-10-05,organic,0
2018-10-06,goolge_ads,4212
2018-10-06,facebook_ads,3852
2018-10-06,email,596
2018-10-06,organic,0
2018-10-07,goolge_ads,3655
2018-10-07,facebook_ads,3079
2018-10-07,email,255
2018-10-07,organic,0
2018-10-08,goolge_ads,3390
2018-10-08,facebook_ads,3242
2018-10-08,email,350
2018-10-08,organic,0
2018-10-09,goolge_ads,2956
2018-10-09,facebook_ads,3439
2018-10-09,email,433
2018-10-09,organic,0
2018-10-10,goolge_ads,5713
2018-10-10,facebook_ads,2468
2018-10-10,email,610
2018-10-10,organic,0
2018-10-11,goolge_ads,3316
2018-10-11,facebook_ads,2543
2018-10-11,email,381
2018-10-11,organic,0
2018-10-12,goolge_ads,4844
2018-10-12,facebook_ads,3666
2018-10-12,email,134
2018-10-12,organic,0
2018-10-13,goolge_ads,2197
2018-10-13,facebook_ads,2582
2018-10-13,email,260
2018-10-13,organic,0
2018-10-14,goolge_ads,3008
2018-10-14,facebook_ads,2729
2018-10-14,email,111
2018-10-14,organic,0
2018-10-15,goolge_ads,2489
2018-10-15,facebook_ads,1775
2018-10-15,email,341
2018-10-15,organic,0
2018-10-16,goolge_ads,3239
2018-10-16,facebook_ads,2774
2018-10-16,email,225
2018-10-16,organic,0
2018-10-17,goolge_ads,2216
2018-10-17,facebook_ads,2708
2018-10-17,email,138
2018-10-17,organic,0
2018-10-18,goolge_ads,3246
2018-10-18,facebook_ads,3974
2018-10-18,email,277
2018-10-18,organic,0
2018-10-19,goolge_ads,2918
2018-10-19,facebook_ads,2817
2018-10-19,email,250
2018-10-19,organic,0
2018-10-20,goolge_ads,4431
2018-10-20,facebook_ads,3161
2018-10-20,email,407
2018-10-20,organic,0
2018-10-21,goolge_ads,3359
2018-10-21,facebook_ads,3469
2018-10-21,email,474
2018-10-21,organic,0
2018-10-22,goolge_ads,5079
2018-10-22,facebook_ads,3533
2018-10-22,email,440
2018-10-22,organic,0
2018-10-23,goolge_ads,2128
2018-10-23,facebook_ads,2514
2018-10-23,email,451
2018-10-23,organic,0
2018-10-24,goolge_ads,3381
2018-10-24,facebook_ads,2016
2018-10-24,email,594
2018-10-24,organic,0
2018-10-25,goolge_ads,2085
2018-10-25,facebook_ads,2698
2018-10-25,email,292
2018-10-25,organic,0
2018-10-26,goolge_ads,4358
2018-10-26,facebook_ads,2642
2018-10-26,email,317
2018-10-26,organic,0
2018-10-27,goolge_ads,4474
2018-10-27,facebook_ads,3493
2018-10-27,email,513
2018-10-27,organic,0
2018-10-28,goolge_ads,4161
2018-10-28,facebook_ads,1802
2018-10-28,email,687
2018-10-28,organic,0
2018-10-29,goolge_ads,2986
2018-10-29,facebook_ads,3363
2018-10-29,email,444
2018-10-29,organic,0
2018-10-30,goolge_ads,2813
2018-10-30,facebook_ads,3487
2018-10-30,email,100
2018-10-30,organic,0
2018-10-31,goolge_ads,5218
2018-10-31,facebook_ads,2810
2018-10-31,email,152
2018-10-31,organic,0
